title_w,title_c,folderlabel_w,folderlabel_c,summary_w,summary_c,ndcg_10
1.0,0.5,1.3,0.3,1.0,0.85,0.7482507944738005
1.0,0.5,0.5,0.8,1.0,0.85,0.7472223549111692
1.0,0.5,0.5,0.65,1.0,0.85,0.7471481450978653
1.0,0.8,1.3,0.3,1.0,0.85,0.7465653801725219
1.0,0.5,0.5,0.3,1.0,0.85,0.7457628227010075
1.0,0.5,1.3,0.8,1.0,0.85,0.7447266235390287
2.3,0.5,0.5,0.8,1.0,0.5,0.7441827502899571
1.0,0.2,1.3,0.3,1.0,0.85,0.7441551355378357
1.0,0.5,1.3,0.65,1.0,0.85,0.7439696735927258
2.3,0.2,0.5,0.8,1.0,0.5,0.74392415873754
2.3,0.5,0.5,0.65,1.0,0.5,0.7435498408497853
2.3,0.2,1.3,0.8,2.3,0.85,0.7432773450153972
1.0,0.8,1.3,0.65,1.0,0.85,0.7432748494057331
2.3,0.2,0.5,0.65,1.0,0.5,0.743083217488421
1.0,0.8,0.5,0.3,1.0,0.85,0.7430607353580538
2.3,0.2,2.7,0.8,2.3,0.85,0.7430325421817863
1.0,0.5,1.3,0.3,1.0,0.5,0.7429552868649391
2.3,0.2,2.7,0.65,2.3,0.85,0.7429512441625846
1.0,0.2,0.5,0.3,1.0,0.85,0.7428107719924374
1.0,0.2,1.3,0.8,1.0,0.5,0.7427814757975539
1.0,0.8,0.5,0.8,1.0,0.85,0.7427701900026059
1.0,0.2,1.3,0.65,1.0,0.5,0.742669479738721
1.0,0.5,1.3,0.8,1.0,0.5,0.7426050825260471
1.0,0.8,1.3,0.8,1.0,0.85,0.7426010741440456
1.0,0.8,0.5,0.65,1.0,0.85,0.7425970422303197
2.3,0.5,1.3,0.3,1.0,0.5,0.7425285313059268
1.0,0.5,1.3,0.65,1.0,0.5,0.7423650733641044
2.3,0.2,1.3,0.65,2.3,0.85,0.7423063451521108
2.3,0.5,2.7,0.8,2.3,0.5,0.7421998438118367
1.0,0.8,1.3,0.8,1.0,0.5,0.7419278359246013
1.0,0.5,0.5,0.65,1.0,0.5,0.741888706636907
4.0,0.2,1.3,0.65,2.3,0.85,0.7418135097172047
1.0,0.5,0.5,0.8,1.0,0.5,0.7417711090449857
2.3,0.8,2.7,0.8,2.3,0.5,0.7417636071101075
2.3,0.2,1.3,0.3,1.0,0.5,0.741757032943331
2.3,0.8,2.7,0.65,2.3,0.5,0.7417323856916995
1.0,0.8,1.3,0.65,1.0,0.5,0.7417046201333297
1.0,0.2,0.5,0.8,1.0,0.85,0.7417017650325092
2.3,0.2,0.5,0.3,1.0,0.5,0.7416730987113667
1.0,0.8,1.3,0.3,1.0,0.5,0.7416488255710562
1.0,0.5,0.5,0.3,1.0,0.5,0.7416289630054556
1.0,0.2,0.5,0.65,1.0,0.85,0.7415810350134308
2.3,0.2,2.7,0.3,2.3,0.85,0.741491872541275
1.0,0.2,1.3,0.3,1.0,0.5,0.7414764696084107
2.3,0.5,2.7,0.65,2.3,0.5,0.741429887707013
2.3,0.2,0.5,0.8,1.0,0.85,0.7414193369926521
2.3,0.2,1.3,0.65,1.0,0.5,0.7412675624856023
4.0,0.2,2.7,0.8,2.3,0.5,0.7410097479319835
1.0,0.2,1.3,0.8,1.0,0.85,0.7409758805010364
2.3,0.2,1.3,0.3,2.3,0.85,0.7409727466063264
1.0,0.2,1.3,0.65,1.0,0.85,0.740798843550758
4.0,0.2,2.7,0.8,2.3,0.85,0.7407245680195915
4.0,0.2,1.3,0.8,2.3,0.85,0.7406626904825525
1.0,0.2,0.5,0.65,1.0,0.5,0.7405760225680293
2.3,0.5,1.3,0.3,2.3,0.5,0.7405731989859414
2.3,0.5,1.3,0.65,2.3,0.5,0.7405731989859414
1.0,0.2,0.5,0.3,1.0,0.5,0.7405618633990132
4.0,0.5,2.7,0.8,2.3,0.5,0.7404850159987089
2.3,0.2,0.5,0.65,1.0,0.85,0.7404799356087682
2.3,0.5,1.3,0.8,2.3,0.5,0.7403922406291119
1.0,0.2,0.5,0.8,1.0,0.5,0.7403667749351238
4.0,0.2,0.5,0.65,2.3,1.5,0.7403346895211401
4.0,0.2,0.5,0.8,2.3,1.5,0.7403346895211401
2.3,0.8,2.7,0.3,2.3,0.5,0.7401960540036522
2.3,0.5,0.5,0.3,1.0,0.5,0.7401406348235486
2.3,0.5,0.5,0.65,2.3,0.5,0.7401339481977355
2.3,0.8,2.7,0.8,2.3,0.85,0.740110505340015
2.3,0.5,1.3,0.65,1.0,0.5,0.7400791054090667
2.3,0.5,2.7,0.3,2.3,0.5,0.7400623185071424
4.0,0.2,2.7,0.65,2.3,1.5,0.740026098976962
2.3,0.5,0.5,0.8,2.3,0.5,0.7400220738226396
2.3,0.8,1.3,0.8,2.3,0.5,0.7399615452366126
2.3,0.5,2.7,0.8,2.3,0.85,0.7398608315300387
4.0,0.2,1.3,0.65,2.3,1.5,0.7398426288594605
2.3,0.2,0.5,0.3,1.0,0.85,0.7398055466270909
2.3,0.8,1.3,0.65,2.3,0.5,0.7397448496654675
4.0,0.2,2.7,0.8,2.3,1.5,0.7397332581088176
2.3,0.5,0.5,0.8,1.0,0.85,0.7396853208627358
2.3,0.8,0.5,0.8,2.3,0.5,0.7396317307318603
2.3,0.8,0.5,0.65,2.3,0.5,0.7396317307318603
2.3,0.2,1.3,0.3,1.0,0.85,0.7395835026781516
2.3,0.2,1.3,0.8,1.0,0.5,0.7395419413375587
4.0,0.2,2.7,0.3,2.3,0.85,0.739370513612504
2.3,0.5,0.5,0.3,2.3,0.5,0.7393109734241281
4.0,0.2,2.7,0.65,2.3,0.85,0.7393107727262813
4.0,0.2,1.3,0.3,2.3,1.5,0.7393056767676898
4.0,0.2,1.3,0.3,2.3,0.85,0.7392990358478746
4.0,0.2,0.5,0.3,2.3,1.5,0.7392341683456637
4.0,0.5,2.7,0.65,2.3,0.5,0.7391393509767931
4.0,0.2,1.3,0.8,2.3,0.5,0.7390710145806504
2.3,0.5,2.7,0.65,2.3,0.85,0.7390069404682016
4.0,0.2,2.7,0.3,2.3,1.5,0.738986610116679
4.0,0.2,2.7,0.65,2.3,0.5,0.7389098090984342
4.0,0.2,1.3,0.8,2.3,1.5,0.7388738533335711
2.3,0.5,0.5,0.65,1.0,0.85,0.7388468847233856
4.0,0.5,1.3,0.65,2.3,0.85,0.7388161153768994
2.3,0.2,0.5,0.3,2.3,0.85,0.73881443849399
2.3,0.8,0.5,0.3,2.3,0.5,0.7387381559919777
2.3,0.2,0.5,0.65,2.3,0.85,0.7386338527001327
2.3,0.5,1.3,0.8,1.0,0.5,0.7385582670014745
1.0,0.5,2.7,0.3,1.0,0.5,0.7385533941227247
2.3,0.2,0.5,0.8,2.3,0.85,0.7385464593631862
4.0,0.2,2.7,0.3,2.3,0.5,0.7384789561955825
2.3,0.8,1.3,0.3,2.3,0.5,0.7384146119840304
2.3,0.5,0.5,0.3,1.0,0.85,0.7382709208535818
4.0,0.5,1.3,0.8,2.3,0.5,0.7382384865415769
4.0,0.2,1.3,0.65,2.3,0.5,0.7381730012461752
1.0,0.8,0.5,0.3,1.0,0.5,0.7381456796164805
2.3,0.8,0.5,0.8,1.0,0.5,0.7380998465345436
2.3,0.5,1.3,0.3,1.0,0.85,0.7380408655522064
2.3,0.2,2.7,0.65,2.3,1.5,0.7379630077338084
2.3,0.8,2.7,0.65,2.3,0.85,0.7378428189848683
1.0,0.8,0.5,0.65,1.0,0.5,0.7377739548971614
2.3,0.2,2.7,0.8,2.3,0.5,0.7377668065310536
4.0,0.5,1.3,0.8,2.3,0.85,0.7377178984440361
2.3,0.8,2.7,0.3,2.3,0.85,0.7376966104400864
2.3,0.5,2.7,0.3,2.3,0.85,0.7376916242889079
2.3,0.2,1.3,0.8,2.3,1.5,0.7376783939599376
2.3,0.2,1.3,0.65,2.3,1.5,0.7376441874717061
4.0,0.5,1.3,0.65,2.3,0.5,0.7376228107170771
1.0,0.8,0.5,0.8,1.0,0.5,0.7375321273455095
2.3,0.5,0.5,0.65,2.3,1.5,0.7374088411880056
2.3,0.5,1.3,0.8,2.3,0.85,0.7373879692328584
4.0,0.5,2.7,0.65,2.3,0.85,0.737316160858864
4.0,0.2,1.3,0.3,2.3,0.5,0.7372794265062926
2.3,0.5,0.5,0.8,2.3,1.5,0.7372282553941483
2.3,0.2,1.3,0.3,2.3,1.5,0.7371231066435058
2.3,0.2,2.7,0.65,2.3,0.5,0.7370790433597288
4.0,0.5,1.3,0.3,2.3,0.85,0.7370027104117352
2.3,0.5,0.5,0.8,2.3,0.85,0.736982656703454
4.0,0.5,2.7,0.8,2.3,0.85,0.7369177826225755
2.3,0.8,1.3,0.8,2.3,0.85,0.7369044496656495
2.3,0.2,0.5,0.65,2.3,1.5,0.7368895739042021
2.3,0.2,0.5,0.8,2.3,1.5,0.7368895739042021
2.3,0.5,2.7,0.65,2.3,1.5,0.7368651208056521
4.0,0.2,0.5,0.3,2.3,0.85,0.7368483743209686
2.3,0.8,1.3,0.65,2.3,0.85,0.7366877540945042
4.0,0.2,0.5,0.65,2.3,0.85,0.7366651894258835
2.3,0.5,2.7,0.8,2.3,1.5,0.7366366659151559
2.3,0.5,1.3,0.65,2.3,1.5,0.736613279203611
2.3,0.5,1.3,0.65,2.3,0.85,0.7365953097919093
4.0,0.5,2.7,0.3,2.3,0.5,0.7365936338764651
4.0,0.5,1.3,0.3,2.3,0.5,0.7365793504513513
4.0,0.2,0.5,0.8,2.3,0.85,0.7365777960889371
2.3,0.5,0.5,0.3,2.3,0.85,0.736520843060774
2.3,0.8,0.5,0.65,2.3,0.85,0.7365059341989231
2.3,0.8,0.5,0.8,2.3,0.85,0.7365059341989231
2.3,0.5,1.3,0.3,2.3,1.5,0.7365014048285151
2.3,0.5,1.3,0.8,2.3,1.5,0.7364953194261844
2.3,0.2,2.7,0.8,2.3,1.5,0.7364735504497765
2.3,0.8,1.3,0.3,1.0,0.5,0.7364449509994407
2.3,0.8,0.5,0.3,2.3,0.85,0.7364353342326478
4.0,0.5,2.7,0.8,2.3,1.5,0.7364268155201917
1.0,0.5,2.7,0.3,1.0,0.85,0.7363773912581857
4.0,0.8,2.7,0.65,2.3,1.5,0.7363459662185783
2.3,0.5,0.5,0.65,2.3,0.85,0.7363402572669165
4.0,0.5,0.5,0.65,2.3,1.5,0.7362866502310064
4.0,0.5,0.5,0.8,2.3,1.5,0.7362866502310064
4.0,0.8,2.7,0.8,2.3,1.5,0.7362117834444023
1.0,0.2,2.7,0.3,1.0,0.5,0.7360119093981197
2.3,0.5,0.5,0.3,2.3,1.5,0.7359426607760731
2.3,0.8,2.7,0.65,2.3,1.5,0.7358969967597927
1.0,0.8,2.7,0.3,1.0,0.5,0.7358009348745232
4.0,0.5,2.7,0.65,2.3,1.5,0.7357899311120636
4.0,0.8,1.3,0.8,2.3,0.85,0.7357344592123192
2.3,0.2,0.5,0.8,2.3,0.5,0.7356869564274329
2.3,0.2,0.5,0.65,2.3,0.5,0.7356869564274329
4.0,0.8,1.3,0.65,2.3,1.5,0.7356773191550176
2.3,0.5,1.3,0.3,2.3,0.85,0.7356604606432062
2.3,0.8,0.5,0.65,1.0,0.5,0.7356342137739631
2.3,0.2,2.7,0.3,2.3,0.5,0.7356292812263591
2.3,0.8,2.7,0.8,2.3,1.5,0.7355464186059063
2.3,0.2,0.5,0.3,2.3,1.5,0.7354939934585448
4.0,0.8,1.3,0.3,2.3,1.5,0.7354780514429753
4.0,0.5,2.7,0.3,2.3,0.85,0.7354715126627019
1.0,0.8,2.7,0.3,1.0,0.85,0.7354180894168372
2.3,0.2,1.3,0.8,2.3,0.5,0.7354157449732949
4.0,0.5,1.3,0.65,2.3,1.5,0.7353867811675008
4.0,0.5,0.5,0.3,2.3,0.85,0.7353688890647175
4.0,0.2,0.5,0.3,2.3,0.5,0.7352838227544345
2.3,0.5,2.7,0.3,2.3,1.5,0.7352473259034482
4.0,0.8,2.7,0.65,2.3,0.85,0.7352333600502082
4.0,0.5,0.5,0.65,2.3,0.85,0.7352190035388743
4.0,0.8,2.7,0.8,2.3,0.85,0.7351818367530937
2.3,0.8,1.3,0.3,2.3,0.85,0.735176941075997
2.3,0.2,1.3,0.8,1.0,0.85,0.7351519275682575
4.0,0.5,1.3,0.3,2.3,1.5,0.7351495023047113
2.3,0.2,1.3,0.65,1.0,0.85,0.7350855044071982
4.0,0.2,0.5,0.65,2.3,0.5,0.7350132445224031
4.0,0.2,0.5,0.8,2.3,0.5,0.7350132445224031
4.0,0.5,0.5,0.8,2.3,0.85,0.735009486938538
2.3,0.2,2.7,0.3,2.3,1.5,0.7349758761416505
2.3,0.2,0.5,0.3,2.3,0.5,0.7349758560289217
2.3,0.8,1.3,0.65,2.3,1.5,0.7349661513143133
2.3,0.8,0.5,0.8,2.3,1.5,0.7349574822527959
4.0,0.8,1.3,0.65,2.3,0.85,0.7349526207150829
4.0,0.8,0.5,0.8,2.3,1.5,0.7349141581480125
2.3,0.8,0.5,0.65,2.3,1.5,0.7348868822865205
4.0,0.5,0.5,0.3,2.3,1.5,0.7348388508910887
4.0,0.8,0.5,0.65,2.3,1.5,0.7347500648786561
4.0,0.8,2.7,0.65,2.3,0.5,0.7346748639367955
4.0,0.8,1.3,0.65,2.3,0.5,0.7346532646338945
4.0,0.5,0.5,0.65,2.3,0.5,0.7346463130677482
4.0,0.5,0.5,0.3,2.3,0.5,0.7346463130677482
2.3,0.2,1.3,0.65,2.3,0.5,0.7346051249757661
2.3,0.8,0.5,0.65,1.0,0.85,0.734585821440902
4.0,0.5,0.5,0.8,2.3,0.5,0.7345589197308019
4.0,0.8,2.7,0.8,2.3,0.5,0.7345552103682864
2.3,0.8,0.5,0.3,1.0,0.5,0.7344630324100045
2.3,0.2,1.3,0.3,2.3,0.5,0.7344410317064096
4.0,0.8,1.3,0.8,2.3,0.5,0.7343837887928228
2.3,0.8,1.3,0.8,2.3,1.5,0.7343819494716612
2.3,0.8,2.7,0.3,2.3,1.5,0.7342792018575889
2.3,0.8,1.3,0.3,2.3,1.5,0.7342544723782881
4.0,0.8,1.3,0.8,2.3,1.5,0.7342217248973406
2.3,0.8,0.5,0.8,1.0,0.85,0.7342199409803523
4.0,0.5,1.3,0.8,2.3,1.5,0.7341168936504662
2.3,0.5,2.7,0.3,1.0,0.5,0.7340700984124521
4.0,0.8,2.7,0.3,2.3,1.5,0.7339243946797236
4.0,0.8,1.3,0.3,2.3,0.5,0.7337076499605656
4.0,0.2,1.3,0.3,1.0,0.5,0.7336762469308664
2.3,0.8,0.5,0.3,2.3,1.5,0.7336718876347207
4.0,0.8,2.7,0.3,2.3,0.85,0.7335467051572678
4.0,0.5,2.7,0.3,2.3,1.5,0.7335120984231098
4.0,0.8,0.5,0.3,2.3,1.5,0.733466358808095
2.3,0.5,1.3,0.65,1.0,0.85,0.7334093050495004
4.0,0.8,1.3,0.3,2.3,0.85,0.7332213222044571
4.0,0.8,0.5,0.8,2.3,0.85,0.7332058592427282
2.3,0.2,2.7,0.3,1.0,0.5,0.7330607771957494
4.0,0.2,0.5,0.3,1.0,0.5,0.7330351862150527
4.0,0.8,0.5,0.3,2.3,0.85,0.7330141020805262
2.3,0.8,1.3,0.65,1.0,0.5,0.7329943975224247
4.0,0.5,0.5,0.65,1.0,0.85,0.7328819710331732
4.0,0.8,0.5,0.65,2.3,0.85,0.7328642165546829
2.3,0.8,1.3,0.8,1.0,0.5,0.7328197592072482
1.0,0.5,2.7,0.65,1.0,0.5,0.7327908598987113
1.0,0.5,2.7,0.8,1.0,0.85,0.7327738146335249
4.0,0.5,0.5,0.8,1.0,0.85,0.7326333676740786
4.0,0.5,0.5,0.65,1.0,0.5,0.7324798551529601
2.3,0.2,0.5,0.8,1.0,1.5,0.7324056644568786
1.0,0.2,2.7,0.3,1.0,0.85,0.7323766480210269
2.3,0.5,2.7,0.8,1.0,0.5,0.7321770996494568
4.0,0.8,2.7,0.3,2.3,0.5,0.7321372546138458
4.0,0.8,0.5,0.65,2.3,0.5,0.7319646113910576
4.0,0.8,0.5,0.3,2.3,0.5,0.7319646113910576
1.0,0.5,2.7,0.8,1.0,0.5,0.7319561874131235
4.0,0.8,0.5,0.8,2.3,0.5,0.7318772180541114
4.0,0.2,0.5,0.3,1.0,0.85,0.7318682992576155
1.0,0.5,2.7,0.65,1.0,0.85,0.731784137309173
4.0,0.2,0.5,0.65,1.0,0.5,0.7317572136407268
4.0,0.5,1.3,0.3,1.0,0.5,0.7317197642578793
2.3,0.5,2.7,0.65,1.0,0.5,0.7316340282929678
4.0,0.5,0.5,0.8,1.0,0.5,0.7316177181584106
4.0,0.2,0.5,0.8,1.0,0.5,0.7315373718922956
2.3,0.8,1.3,0.3,1.0,0.85,0.7315131477900199
4.0,0.2,1.3,0.3,1.0,0.85,0.7313741842834804
1.0,0.2,2.7,0.65,1.0,0.5,0.7312226907606997
2.3,0.8,0.5,0.3,1.0,0.85,0.7308879576339045
1.0,0.8,2.7,0.65,1.0,0.5,0.7307865844150866
4.0,0.2,1.3,0.8,1.0,0.5,0.7307177375778019
1.0,0.8,2.7,0.8,1.0,0.5,0.7307055297276139
4.0,0.2,1.3,0.65,1.0,0.5,0.7306526151453304
4.0,0.5,1.3,0.8,1.0,0.5,0.730507591567269
4.0,0.2,0.5,0.65,1.0,0.85,0.7304784523081936
4.0,0.2,0.5,0.8,1.0,0.85,0.7304784523081936
1.0,0.2,2.7,0.8,1.0,0.5,0.7303567968567038
2.3,0.2,2.7,0.65,1.0,0.5,0.7302831854805508
4.0,0.5,1.3,0.65,1.0,0.5,0.7302797228180364
1.0,0.8,0.5,0.8,1.0,1.5,0.7301987281633555
2.3,0.5,1.3,0.8,1.0,0.85,0.7300501705683649
4.0,0.5,1.3,0.3,1.0,0.85,0.7300070353955844
2.3,0.5,0.5,0.8,1.0,1.5,0.7298819762175836
1.0,0.8,2.7,0.65,1.0,0.85,0.7298568946339475
2.3,0.2,1.3,0.65,1.0,1.5,0.7296614507666792
4.0,0.5,0.5,0.3,1.0,0.85,0.7296613486250295
2.3,0.2,1.3,0.3,1.0,1.5,0.7295518244897189
2.3,0.2,2.7,0.8,1.0,0.5,0.7295031637202118
4.0,0.5,0.5,0.3,1.0,0.5,0.7293233007502375
2.3,0.2,1.3,0.8,1.0,1.5,0.7292551027777424
1.0,0.8,2.7,0.8,1.0,0.85,0.729191759316163
4.0,0.2,2.7,0.3,1.0,0.5,0.7290977894843546
4.0,0.8,0.5,0.65,1.0,0.5,0.728874194706765
4.0,0.8,0.5,0.8,1.0,0.5,0.7288019345597202
1.0,0.8,1.3,0.65,1.0,1.5,0.728790529774455
1.0,0.8,2.7,0.8,2.3,0.85,0.7285262095781625
1.0,0.8,2.7,0.65,2.3,0.85,0.728402566362237
2.3,0.5,0.5,0.65,1.0,1.5,0.728398371327327
4.0,0.8,0.5,0.3,1.0,0.5,0.7282982308369608
2.3,0.5,0.5,0.3,1.0,1.5,0.7281547186212777
1.0,0.8,0.5,0.65,1.0,1.5,0.728019858747341
1.0,0.2,2.7,0.65,1.0,0.85,0.7280184308111061
1.0,0.2,0.5,0.65,1.0,1.5,0.7279904235359298
1.0,0.5,0.5,0.8,1.0,1.5,0.7279519004094671
1.0,0.5,0.5,0.65,1.0,1.5,0.7279508470739182
2.3,0.8,2.7,0.3,1.0,0.5,0.7279137701038021
1.0,0.2,2.7,0.8,1.0,0.85,0.7278471866013712
1.0,0.2,0.5,0.65,0.5,0.5,0.7277679524374729
4.0,0.8,1.3,0.65,1.0,0.5,0.7276226482484808
4.0,0.8,1.3,0.8,1.0,0.5,0.7276158608699888
1.0,0.8,1.3,0.3,2.3,0.85,0.7274037201321235
2.3,0.2,0.5,0.65,1.0,1.5,0.7273805125043771
2.3,0.2,0.5,0.3,1.0,1.5,0.7272867453241711
4.0,0.5,2.7,0.3,1.0,0.5,0.7272418749680138
4.0,0.8,1.3,0.3,1.0,0.5,0.7272173274397119
4.0,0.8,0.5,0.65,1.0,0.85,0.7271644946347628
1.0,0.8,1.3,0.3,1.0,1.5,0.7271420259116441
4.0,0.2,1.3,0.8,1.0,0.85,0.7270668028158298
4.0,0.2,1.3,0.65,1.0,0.85,0.7269508084416928
1.0,0.8,1.3,0.8,1.0,1.5,0.7269412654644446
1.0,0.2,0.5,0.8,1.0,1.5,0.7268704479664001
1.0,0.8,1.3,0.8,2.3,0.85,0.7268679007795845
2.3,0.8,1.3,0.65,1.0,0.85,0.726809950829704
2.3,0.5,1.3,0.65,1.0,1.5,0.7266565976304068
4.0,0.8,1.3,0.3,1.0,0.85,0.726517976023791
2.3,0.8,2.7,0.65,1.0,0.5,0.7264457966249463
4.0,0.8,0.5,0.8,1.0,0.85,0.7262972521720942
2.3,0.5,1.3,0.8,1.0,1.5,0.7262814710598782
2.3,0.2,2.7,0.3,1.0,0.85,0.7262218644925736
2.3,0.5,1.3,0.3,1.0,1.5,0.7261800734147557
1.0,0.8,1.3,0.65,2.3,0.85,0.7261278436404243
2.3,0.5,2.7,0.8,1.0,0.85,0.7261072719785301
2.3,0.5,2.7,0.65,1.0,0.85,0.7259792878992821
1.0,0.8,2.7,0.3,2.3,0.85,0.7259315779509858
1.0,0.5,1.3,0.65,1.0,1.5,0.7258346094546214
4.0,0.8,0.5,0.3,1.0,0.85,0.7258342569533255
1.0,0.2,0.5,0.3,0.5,0.5,0.7258214218060515
4.0,0.5,1.3,0.8,1.0,0.85,0.7257459813804855
1.0,0.5,1.3,0.3,2.3,1.5,0.7256212212001414
2.3,0.5,2.7,0.3,1.0,0.85,0.7256190394252198
4.0,0.5,1.3,0.65,1.0,0.85,0.7255665003710305
2.3,0.2,2.7,0.8,1.0,0.85,0.7254250980659501
1.0,0.8,1.3,0.3,2.3,1.5,0.7253557935950556
2.3,0.2,2.7,0.65,1.0,0.85,0.7253323190372861
2.3,0.8,2.7,0.8,1.0,0.5,0.7251803415501177
1.0,0.8,0.5,0.3,1.0,1.5,0.724913627230048
2.3,0.5,2.7,0.8,1.0,1.5,0.72476543164802
1.0,0.2,0.5,0.8,0.5,0.5,0.724751854156313
2.3,0.2,2.7,0.8,1.0,1.5,0.7246202972010143
1.0,0.5,0.5,0.3,1.0,1.5,0.7246165964228406
1.0,0.5,1.3,0.3,1.0,1.5,0.7245302668778152
4.0,0.8,2.7,0.3,1.0,0.5,0.7245277797228246
1.0,0.5,1.3,0.8,1.0,1.5,0.7243915177951648
1.0,0.8,0.5,0.3,2.3,0.85,0.7240937313834801
1.0,0.2,1.3,0.65,1.0,1.5,0.7240692551900321
1.0,0.8,0.5,0.65,2.3,1.5,0.7238736500854615
2.3,0.2,2.7,0.65,1.0,1.5,0.723797322427407
1.0,0.5,1.3,0.65,2.3,1.5,0.7237736176039974
2.3,0.2,2.7,0.3,1.0,1.5,0.7237735048511988
1.0,0.8,0.5,0.65,2.3,0.85,0.7237653429217084
4.0,0.2,2.7,0.3,1.0,0.85,0.7235171253196013
2.3,0.8,1.3,0.8,1.0,0.85,0.7234508163485686
4.0,0.2,2.7,0.65,1.0,0.5,0.7234439201342422
4.0,0.2,2.7,0.65,1.0,0.85,0.7234345048610525
1.0,0.2,1.3,0.3,1.0,1.5,0.7233950810813875
1.0,0.2,0.5,0.3,1.0,1.5,0.7233420723815576
4.0,0.2,2.7,0.8,1.0,0.85,0.7233402479121741
1.0,0.2,1.3,0.8,1.0,1.5,0.7233037632474729
1.0,0.8,2.7,0.8,2.3,0.5,0.7232538563080646
1.0,0.8,0.5,0.8,2.3,0.85,0.7231058214400318
1.0,0.5,0.5,0.3,2.3,1.5,0.7228811732365628
1.0,0.5,0.5,0.3,0.5,0.5,0.7227757088218635
1.0,0.8,0.5,0.3,2.3,1.5,0.7227479373181214
4.0,0.5,2.7,0.3,1.0,0.85,0.722678723769666
1.0,0.5,0.5,0.65,2.3,1.5,0.7226464443022343
1.0,0.5,0.5,0.8,2.3,1.5,0.7226464443022343
1.0,0.5,1.3,0.8,2.3,1.5,0.722623977354513
1.0,0.2,1.3,0.3,2.3,1.5,0.722621453976703
1.0,0.8,2.7,0.65,2.3,0.5,0.7226134882919643
1.0,0.8,1.3,0.65,2.3,1.5,0.7224585216330495
1.0,0.5,2.7,0.8,2.3,0.85,0.722402351902599
1.0,0.8,0.5,0.8,2.3,1.5,0.7224013340086971
1.0,0.5,2.7,0.65,2.3,0.85,0.7223804525700045
4.0,0.5,2.7,0.8,1.0,0.85,0.7222170040525577
4.0,0.5,2.7,0.65,1.0,0.85,0.7221928546654864
1.0,0.8,1.3,0.8,2.3,1.5,0.7219820508055821
2.3,0.8,0.5,0.8,1.0,1.5,0.7218176241813368
1.0,0.5,2.7,0.65,1.0,1.5,0.7217386170585667
1.0,0.8,2.7,0.65,2.3,1.5,0.7216488453127766
1.0,0.8,0.5,0.8,0.5,0.5,0.721621621108276
1.0,0.8,2.7,0.3,2.3,1.5,0.7216077488460272
1.0,0.5,0.5,0.65,0.5,0.5,0.7215911823590621
1.0,0.8,2.7,0.8,2.3,1.5,0.7215534552974449
2.3,0.5,2.7,0.65,1.0,1.5,0.7215016141042883
4.0,0.5,2.7,0.65,1.0,0.5,0.7214701363006605
2.3,0.5,2.7,0.3,1.0,1.5,0.7213849769660909
1.0,0.8,2.7,0.65,1.0,1.5,0.7213690752531078
4.0,0.2,2.7,0.8,1.0,0.5,0.72127409206765
1.0,0.5,2.7,0.8,1.0,1.5,0.7211813538758084
1.0,0.5,2.7,0.65,2.3,1.5,0.7211709032130889
1.0,0.5,2.7,0.8,2.3,1.5,0.7210755131977569
1.0,0.5,2.7,0.3,2.3,1.5,0.7210501652826427
1.0,0.8,2.7,0.3,2.3,0.5,0.7210447239455351
4.0,0.5,2.7,0.8,1.0,0.5,0.7210305924161492
1.0,0.2,1.3,0.65,2.3,1.5,0.7210083166989173
1.0,0.8,1.3,0.3,2.3,0.5,0.7209256076077231
1.0,0.5,2.7,0.3,1.0,1.5,0.7208736955071211
1.0,0.8,2.7,0.8,1.0,1.5,0.7207915024796231
2.3,0.8,1.3,0.65,1.0,1.5,0.7207192500190617
1.0,0.8,2.7,0.3,1.0,1.5,0.7206663575944187
1.0,0.5,1.3,0.3,2.3,0.85,0.7205733850457514
1.0,0.2,2.7,0.8,2.3,0.85,0.720399085916999
4.0,0.8,1.3,0.8,1.0,0.85,0.720398185571578
1.0,0.2,2.7,0.65,2.3,0.85,0.7203771865844042
1.0,0.2,2.7,0.65,1.0,1.5,0.7203681472587496
2.3,0.8,1.3,0.3,1.0,1.5,0.7202909894491027
4.0,0.8,1.3,0.65,1.0,0.85,0.7202821911974411
1.0,0.2,2.7,0.8,1.0,1.5,0.7201210677653399
2.3,0.8,0.5,0.65,1.0,1.5,0.7201008493471148
2.3,0.8,0.5,0.3,1.0,1.5,0.7199832414757834
1.0,0.5,2.7,0.3,2.3,0.85,0.7198077202754225
1.0,0.8,0.5,0.3,0.5,0.5,0.7197891143045759
1.0,0.2,0.5,0.3,2.3,1.5,0.7197446770291257
1.0,0.2,2.7,0.3,1.0,1.5,0.7197047222501403
1.0,0.8,1.3,0.8,2.3,0.5,0.7196872873606088
1.0,0.5,1.3,0.8,2.3,0.85,0.719675940639585
1.0,0.2,0.5,0.8,2.3,1.5,0.7195099480947972
1.0,0.2,0.5,0.65,2.3,1.5,0.7195099480947972
1.0,0.2,1.3,0.8,2.3,1.5,0.7194874811470758
1.0,0.5,1.3,0.65,2.3,0.85,0.7194806259518204
4.0,0.8,2.7,0.3,1.0,0.85,0.7193585222197393
1.0,0.8,0.5,0.8,2.3,0.5,0.7193352568765404
1.0,0.8,0.5,0.65,2.3,0.5,0.7193352568765404
1.0,0.8,0.5,0.65,0.5,0.5,0.7191411943205905
4.0,0.8,2.7,0.65,1.0,0.5,0.7191324136699602
1.0,0.2,1.3,0.8,0.5,0.5,0.7191114009853281
1.0,0.5,0.5,0.3,2.3,0.85,0.7190937523476003
4.0,0.8,0.5,0.65,1.0,1.5,0.7190914814244118
4.0,0.8,2.7,0.65,1.0,0.85,0.7190532914144548
4.0,0.8,0.5,0.8,1.0,1.5,0.7190438000421611
1.0,0.2,1.3,0.3,2.3,0.85,0.7190418867168817
1.0,0.8,1.3,0.65,2.3,0.5,0.7190334768603299
4.0,0.5,1.3,0.3,1.0,1.5,0.7188811958793532
1.0,0.5,0.5,0.65,2.3,0.85,0.7188772382609245
1.0,0.8,0.5,0.3,2.3,0.5,0.7188406705647046
1.0,0.5,2.7,0.65,2.3,0.5,0.7187391164778923
1.0,0.5,2.7,0.8,2.3,0.5,0.7187391164778923
1.0,0.5,0.5,0.8,0.5,0.5,0.7186526786796273
2.3,0.8,2.7,0.3,1.0,0.85,0.7186018646909995
2.3,0.8,2.7,0.65,1.0,0.85,0.7185164145123805
4.0,0.8,2.7,0.8,1.0,0.5,0.7185103954440776
1.0,0.2,0.5,0.8,0.5,0.85,0.718492161697217
1.0,0.2,1.3,0.8,2.3,0.85,0.7184257236505069
4.0,0.2,1.3,0.3,1.0,1.5,0.7184151601750183
4.0,0.2,0.5,0.8,1.0,1.5,0.7181567626554138
1.0,0.5,0.5,0.8,2.3,0.85,0.7181552739424316
1.0,0.2,1.3,0.65,2.3,0.85,0.7181132208923071
2.3,0.8,2.7,0.8,1.0,0.85,0.7180614915611914
1.0,0.2,2.7,0.8,2.3,0.5,0.71768669362402
1.0,0.2,2.7,0.65,2.3,0.5,0.71768669362402
4.0,0.5,0.5,0.65,1.0,1.5,0.7175911847425608
1.0,0.2,2.7,0.3,2.3,0.85,0.717590115473646
1.0,0.2,0.5,0.3,2.3,0.85,0.7175622540187305
4.0,0.2,0.5,0.3,1.0,1.5,0.7175567693626269
4.0,0.5,0.5,0.8,1.0,1.5,0.7174793103674649
4.0,0.2,0.5,0.65,1.0,1.5,0.7174556937512478
4.0,0.8,2.7,0.8,1.0,0.85,0.7172113432151136
2.3,0.8,1.3,0.8,1.0,1.5,0.717061452929235
1.0,0.2,0.5,0.8,2.3,0.85,0.7166237756135619
1.0,0.5,2.7,0.3,2.3,0.5,0.716529984115363
4.0,0.8,1.3,0.3,1.0,1.5,0.7163990571021799
1.0,0.2,2.7,0.65,2.3,1.5,0.7163623925078741
4.0,0.2,1.3,0.8,1.0,1.5,0.7162703078979784
1.0,0.2,2.7,0.8,2.3,1.5,0.7162504225452337
1.0,0.5,0.5,0.8,0.5,0.85,0.7162130433289805
1.0,0.2,2.7,0.3,2.3,1.5,0.7161907826357626
1.0,0.2,1.3,0.65,0.5,0.5,0.7161148957007081
4.0,0.2,1.3,0.65,1.0,1.5,0.7160879361946273
1.0,0.2,1.3,0.3,2.3,0.5,0.7160514254735584
1.0,0.5,1.3,0.3,2.3,0.5,0.7159868594543127
1.0,0.2,0.5,0.65,2.3,0.85,0.7159319446387448
1.0,0.2,0.5,0.65,0.5,0.85,0.7156500766508145
1.0,0.5,0.5,0.65,0.5,0.85,0.7155048413082713
1.0,0.2,2.7,0.3,2.3,0.5,0.7154775612614904
1.0,0.5,0.5,0.3,0.5,0.85,0.7153357015503715
1.0,0.2,1.3,0.3,0.5,0.5,0.7153097499474094
4.0,0.8,0.5,0.3,1.0,1.5,0.7152933990907943
1.0,0.2,1.3,0.8,2.3,0.5,0.7152481241972839
1.0,0.5,1.3,0.8,2.3,0.5,0.7146804089358042
1.0,0.2,1.3,0.65,2.3,0.5,0.714556647914755
4.0,0.5,0.5,0.3,1.0,1.5,0.7144509122211423
4.0,0.5,1.3,0.65,1.0,1.5,0.7143543774870114
1.0,0.5,0.5,0.65,2.3,0.5,0.7143283784517357
2.3,0.8,2.7,0.8,1.0,1.5,0.7142874244497722
1.0,0.2,0.5,0.3,2.3,0.5,0.7141255397569274
1.0,0.2,0.5,0.3,0.5,0.85,0.7140878705628828
1.0,0.5,1.3,0.65,2.3,0.5,0.7139889326532755
2.3,0.8,2.7,0.65,1.0,1.5,0.7138356449785219
1.0,0.5,0.5,0.3,2.3,0.5,0.7137219177648041
2.3,0.8,2.7,0.3,1.0,1.5,0.7135532054622481
4.0,0.2,2.7,0.3,1.0,1.5,0.7134931611907154
1.0,0.2,0.5,0.8,2.3,0.5,0.7133182051505489
1.0,0.2,0.5,0.65,2.3,0.5,0.7133182051505489
1.0,0.5,0.5,0.8,2.3,0.5,0.7129145831584256
4.0,0.5,1.3,0.8,1.0,1.5,0.7128159441445974
4.0,0.2,2.7,0.65,1.0,1.5,0.7125963737695705
4.0,0.2,2.7,0.8,1.0,1.5,0.7125052211135713
1.0,0.2,2.7,0.3,0.5,0.5,0.7124444688097816
4.0,0.5,2.7,0.3,1.0,1.5,0.7121389684475127
1.0,0.2,1.3,0.8,0.5,0.85,0.712114859562659
1.0,0.5,1.3,0.8,0.5,0.5,0.7120675557955071
1.0,0.2,2.7,0.65,0.5,0.5,0.7119486836890991
1.0,0.8,0.5,0.3,0.5,0.85,0.7116887984682587
1.0,0.2,1.3,0.65,0.5,0.85,0.711393569638888
1.0,0.2,2.7,0.8,0.5,0.5,0.7112789023777869
1.0,0.5,1.3,0.65,0.5,0.5,0.7112509806628043
4.0,0.5,2.7,0.8,1.0,1.5,0.7111695833318148
1.0,0.2,1.3,0.3,0.5,0.85,0.711166401523852
4.0,0.5,2.7,0.65,1.0,1.5,0.7110989794985646
4.0,0.8,1.3,0.8,1.0,1.5,0.7110457611666113
1.0,0.8,0.5,0.8,0.5,0.85,0.7108644092351677
1.0,0.5,1.3,0.3,0.5,0.5,0.7108405660475133
4.0,0.8,1.3,0.65,1.0,1.5,0.7106532973766825
1.0,0.8,0.5,0.65,0.5,0.85,0.7103535567715176
4.0,0.8,2.7,0.3,1.0,1.5,0.7099623053367913
1.0,0.5,1.3,0.3,0.5,0.85,0.7091042889237669
1.0,0.8,1.3,0.8,0.5,0.5,0.7090104743355562
1.0,0.5,2.7,0.65,0.5,0.5,0.7086461141431891
4.0,0.8,2.7,0.65,1.0,1.5,0.7086031954880055
4.0,0.8,2.7,0.8,1.0,1.5,0.708567807072323
1.0,0.5,1.3,0.8,0.5,0.85,0.708361757526321
1.0,0.8,1.3,0.3,0.5,0.5,0.7082879263839904
1.0,0.5,1.3,0.65,0.5,0.85,0.7082092417569033
1.0,0.2,2.7,0.3,0.5,0.85,0.7079937414425691
1.0,0.5,2.7,0.3,0.5,0.5,0.7076139428132756
1.0,0.2,2.7,0.8,0.5,0.85,0.7075990149948659
1.0,0.2,2.7,0.65,0.5,0.85,0.7075284150285905
1.0,0.8,1.3,0.65,0.5,0.5,0.7073681033178443
1.0,0.5,2.7,0.8,0.5,0.5,0.7071979582249565
1.0,0.8,2.7,0.3,0.5,0.5,0.7062847529627365
1.0,0.8,2.7,0.65,0.5,0.5,0.7053641782656396
1.0,0.5,2.7,0.3,0.5,0.85,0.7050525373321145
1.0,0.8,1.3,0.3,0.5,0.85,0.7049844769729626
1.0,0.8,2.7,0.8,0.5,0.5,0.7048421676276745
1.0,0.5,2.7,0.65,0.5,0.85,0.7031208018624916
1.0,0.5,2.7,0.8,0.5,0.85,0.7027436838739466
1.0,0.8,1.3,0.8,0.5,0.85,0.702742393933769
1.0,0.8,1.3,0.65,0.5,0.85,0.702742393933769
1.0,0.8,2.7,0.3,0.5,0.85,0.7003230212974018
1.0,0.8,2.7,0.65,0.5,0.85,0.6999772817336822
2.3,0.5,0.5,0.8,0.5,0.5,0.6998229966713583
2.3,0.2,1.3,0.8,0.5,0.5,0.6997901278421255
2.3,0.5,0.5,0.3,0.5,0.5,0.6992823237097431
1.0,0.8,2.7,0.8,0.5,0.85,0.6989717934761991
2.3,0.2,0.5,0.8,0.5,0.5,0.6985945442494448
2.3,0.5,0.5,0.65,0.5,0.5,0.6984031032313263
2.3,0.2,0.5,0.3,0.5,0.5,0.698378941125764
2.3,0.2,0.5,0.65,0.5,0.5,0.6983658085751833
2.3,0.5,1.3,0.8,0.5,0.5,0.6978833855398361
2.3,0.5,1.3,0.65,0.5,0.5,0.6977585770186311
2.3,0.2,1.3,0.65,0.5,0.5,0.6976385422737026
2.3,0.2,1.3,0.8,0.5,0.85,0.6975514161215741
2.3,0.2,2.7,0.8,0.5,0.5,0.6975295339815932
2.3,0.8,0.5,0.8,0.5,0.5,0.6969295244021612
2.3,0.2,1.3,0.3,0.5,0.5,0.6967348771523312
2.3,0.5,2.7,0.65,0.5,0.5,0.696731316796953
2.3,0.5,1.3,0.3,0.5,0.5,0.6966388373792493
2.3,0.2,2.7,0.65,0.5,0.5,0.6966128949527619
2.3,0.2,0.5,0.8,0.5,0.85,0.6965974102460445
2.3,0.2,2.7,0.3,0.5,0.5,0.6961187462743051
2.3,0.8,0.5,0.65,0.5,0.5,0.6956159822282166
2.3,0.2,1.3,0.65,0.5,0.85,0.6955055438159643
2.3,0.2,1.3,0.3,0.5,0.85,0.6952164009096325
2.3,0.2,0.5,0.3,0.5,0.85,0.6949946169290836
2.3,0.5,2.7,0.8,0.5,0.5,0.6949162003536823
2.3,0.2,0.5,0.65,0.5,0.85,0.6948063215036554
2.3,0.8,0.5,0.3,0.5,0.5,0.694764698512112
2.3,0.8,1.3,0.8,0.5,0.5,0.6945043654667423
2.3,0.2,2.7,0.65,0.5,0.85,0.6943500146518771
2.3,0.2,2.7,0.3,0.5,0.85,0.6941977199987318
2.3,0.5,1.3,0.8,0.5,0.85,0.694147681135542
2.3,0.5,0.5,0.8,0.5,0.85,0.6941177543451864
2.3,0.5,2.7,0.3,0.5,0.5,0.6939605691869916
2.3,0.2,2.7,0.8,0.5,0.85,0.6934701937908105
2.3,0.5,1.3,0.65,0.5,0.85,0.6933689516761519
2.3,0.8,1.3,0.65,0.5,0.5,0.6933056828693929
2.3,0.5,0.5,0.65,0.5,0.85,0.6932196179691326
2.3,0.5,2.7,0.8,0.5,0.85,0.6927193741764657
2.3,0.5,2.7,0.65,0.5,0.85,0.6926150860050259
2.3,0.8,2.7,0.8,0.5,0.5,0.6926030890256277
2.3,0.8,2.7,0.65,0.5,0.5,0.6925690238899306
2.3,0.5,0.5,0.3,0.5,0.85,0.6925013039179737
2.3,0.8,1.3,0.3,0.5,0.5,0.6923469856970389
2.3,0.5,2.7,0.3,0.5,0.85,0.6919582503100966
2.3,0.5,1.3,0.3,0.5,0.85,0.6915579277615899
2.3,0.8,2.7,0.3,0.5,0.5,0.691405531500775
2.3,0.8,0.5,0.8,0.5,0.85,0.6906418596588011
2.3,0.8,0.5,0.65,0.5,0.85,0.6893725279803902
2.3,0.8,0.5,0.3,0.5,0.85,0.6887283462972861
2.3,0.8,1.3,0.8,0.5,0.85,0.6882316012726842
2.3,0.8,2.7,0.3,0.5,0.85,0.6870099450924237
2.3,0.8,2.7,0.65,0.5,0.85,0.6861710510566182
2.3,0.8,2.7,0.8,0.5,0.85,0.6861710510566182
2.3,0.8,1.3,0.65,0.5,0.85,0.6850724777110371
2.3,0.8,1.3,0.3,0.5,0.85,0.6834127116345172
4.0,0.8,1.3,0.8,0.5,0.85,0.6821004146669286
4.0,0.8,1.3,0.8,0.5,0.5,0.682006054082008
4.0,0.8,1.3,0.65,0.5,0.85,0.6818860758507524
4.0,0.8,1.3,0.65,0.5,0.5,0.6817165536633852
4.0,0.8,2.7,0.65,0.5,0.5,0.6806186415155169
4.0,0.8,2.7,0.8,0.5,0.5,0.6806186415155169
4.0,0.8,2.7,0.3,0.5,0.5,0.6803713096119023
4.0,0.8,2.7,0.65,0.5,0.85,0.6802202637194845
4.0,0.8,2.7,0.3,0.5,0.85,0.6800942301753724
4.0,0.8,1.3,0.3,0.5,0.85,0.6799713860900886
4.0,0.8,1.3,0.3,0.5,0.5,0.6798875039595395
4.0,0.8,0.5,0.8,0.5,0.5,0.6795500139489994
4.0,0.8,0.5,0.65,0.5,0.5,0.6790638712149719
4.0,0.8,0.5,0.3,0.5,0.5,0.6787513564185856
4.0,0.8,2.7,0.8,0.5,0.85,0.6787321399675086
4.0,0.8,0.5,0.8,0.5,0.85,0.6784413775422622
4.0,0.8,0.5,0.65,0.5,0.85,0.6783457001357962
4.0,0.8,0.5,0.3,0.5,0.85,0.6783263071543317
4.0,0.5,2.7,0.3,0.5,0.5,0.6772525809311126
4.0,0.5,2.7,0.8,0.5,0.5,0.6763357962189664
4.0,0.5,2.7,0.65,0.5,0.5,0.6762438278105515
4.0,0.5,1.3,0.8,0.5,0.5,0.6758753980549602
4.0,0.5,1.3,0.65,0.5,0.5,0.6752996556562892
4.0,0.5,0.5,0.8,0.5,0.5,0.6748477659120333
4.0,0.5,0.5,0.3,0.5,0.5,0.6747193313769894
4.0,0.5,1.3,0.3,0.5,0.5,0.6746445917599883
4.0,0.5,0.5,0.65,0.5,0.5,0.6745510043334668
4.0,0.2,2.7,0.8,0.5,0.5,0.6744631600185937
4.0,0.2,1.3,0.65,0.5,0.85,0.6742166670640569
4.0,0.2,1.3,0.8,0.5,0.85,0.6740010504975855
4.0,0.2,1.3,0.8,0.5,0.5,0.6738592328296777
2.3,0.2,0.5,0.8,0.5,1.5,0.6737327485643659
2.3,0.2,1.3,0.8,0.5,1.5,0.6736675975210932
4.0,0.2,1.3,0.65,0.5,0.5,0.6736555779199964
1.0,0.2,0.5,0.8,0.5,1.5,0.673542867162411
2.3,0.2,0.5,0.65,0.5,1.5,0.673489494190905
2.3,0.2,1.3,0.65,0.5,1.5,0.6728264489777926
4.0,0.2,1.3,0.3,0.5,0.85,0.6728264484530916
4.0,0.2,1.3,0.3,0.5,0.5,0.6727735732036971
4.0,0.5,2.7,0.3,0.5,0.85,0.6725842538800625
1.0,0.2,0.5,0.3,0.5,1.5,0.672256705332208
4.0,0.2,0.5,0.65,0.5,0.5,0.6722222253627599
4.0,0.2,0.5,0.8,0.5,0.5,0.6722222253627599
4.0,0.2,0.5,0.3,0.5,0.5,0.6721800756597061
4.0,0.2,2.7,0.65,0.5,0.5,0.6721359070157374
4.0,0.2,2.7,0.8,0.5,0.85,0.6721321545119306
4.0,0.2,0.5,0.3,0.5,0.85,0.6720809375119886
4.0,0.2,2.7,0.3,0.5,0.5,0.6719547624543605
4.0,0.2,0.5,0.8,0.5,0.85,0.6719484488998659
4.0,0.2,0.5,0.65,0.5,0.85,0.6719484488998659
2.3,0.2,1.3,0.3,0.5,1.5,0.671844665148548
1.0,0.2,0.5,0.65,0.5,1.5,0.671751907873023
2.3,0.2,0.5,0.3,0.5,1.5,0.6716892460349547
4.0,0.5,1.3,0.65,0.5,0.85,0.6715270609590844
4.0,0.5,2.7,0.65,0.5,0.85,0.6714909169500606
4.0,0.5,2.7,0.8,0.5,0.85,0.6714909169500606
4.0,0.5,1.3,0.8,0.5,0.85,0.6712953891207695
4.0,0.2,2.7,0.65,0.5,0.85,0.6711201368217896
4.0,0.2,2.7,0.3,0.5,0.85,0.6708272446158742
4.0,0.5,1.3,0.3,0.5,0.85,0.6707084215783741
2.3,0.2,2.7,0.65,0.5,1.5,0.6702076707601143
2.3,0.2,2.7,0.3,0.5,1.5,0.670125755903364
4.0,0.5,0.5,0.8,0.5,0.85,0.6701178265902143
4.0,0.5,0.5,0.3,0.5,0.85,0.6698956746481738
4.0,0.5,0.5,0.65,0.5,0.85,0.6698916649779231
2.3,0.2,2.7,0.8,0.5,1.5,0.6694828356930121
1.0,0.5,0.5,0.65,0.5,1.5,0.6692934192136135
1.0,0.5,0.5,0.8,0.5,1.5,0.6690414887168379
1.0,0.5,0.5,0.3,0.5,1.5,0.6677005425177296
1.0,0.2,1.3,0.65,0.5,1.5,0.667201852986122
1.0,0.2,1.3,0.3,0.5,1.5,0.6667061201849329
1.0,0.2,1.3,0.8,0.5,1.5,0.6665410772809999
2.3,0.5,0.5,0.8,0.5,1.5,0.6654086643012082
2.3,0.5,1.3,0.65,0.5,1.5,0.66530696722527
2.3,0.5,1.3,0.8,0.5,1.5,0.6652029288763688
2.3,0.5,0.5,0.65,0.5,1.5,0.665037468998851
1.0,0.5,1.3,0.65,0.5,1.5,0.6650021422306236
2.3,0.5,1.3,0.3,0.5,1.5,0.6648794772220382
1.0,0.5,1.3,0.8,0.5,1.5,0.6647992508823807
2.3,0.8,0.5,0.8,0.5,1.5,0.6637525106289162
1.0,0.5,1.3,0.3,0.5,1.5,0.6637429046122674
4.0,0.8,1.3,0.8,0.5,1.5,0.6637216138837461
2.3,0.5,0.5,0.3,0.5,1.5,0.6634919855698631
2.3,0.8,0.5,0.65,0.5,1.5,0.6627721719091835
1.0,0.8,0.5,0.8,0.5,1.5,0.6627002359232457
1.0,0.8,0.5,0.65,0.5,1.5,0.6626536107111787
4.0,0.8,2.7,0.65,0.5,1.5,0.6626238414237456
1.0,0.2,2.7,0.3,0.5,1.5,0.6624096128774528
2.3,0.8,1.3,0.8,0.5,1.5,0.6624016088840157
4.0,0.8,0.5,0.65,0.5,1.5,0.6623417100413505
4.0,0.8,0.5,0.8,0.5,1.5,0.6622777364006219
1.0,0.2,2.7,0.65,0.5,1.5,0.6619225584961036
4.0,0.8,2.7,0.3,0.5,1.5,0.6616862650159895
1.0,0.5,2.7,0.3,0.5,1.5,0.661638617713125
1.0,0.2,2.7,0.8,0.5,1.5,0.6615292876242845
4.0,0.8,1.3,0.65,0.5,1.5,0.661488392871514
2.3,0.5,2.7,0.3,0.5,1.5,0.6614272580938665
2.3,0.8,1.3,0.3,0.5,1.5,0.6614023145908104
4.0,0.8,1.3,0.3,0.5,1.5,0.66129802171991
1.0,0.5,2.7,0.65,0.5,1.5,0.6610767048701269
1.0,0.5,2.7,0.8,0.5,1.5,0.6609536556071323
2.3,0.8,0.5,0.3,0.5,1.5,0.6609066042051257
4.0,0.5,2.7,0.8,0.5,1.5,0.6608483480364342
1.0,0.8,0.5,0.3,0.5,1.5,0.6607472771649759
2.3,0.8,1.3,0.65,0.5,1.5,0.6606565991513189
4.0,0.5,2.7,0.65,0.5,1.5,0.660506705348389
2.3,0.8,2.7,0.3,0.5,1.5,0.6604459870305748
4.0,0.8,0.5,0.3,0.5,1.5,0.6600901196276718
4.0,0.8,2.7,0.8,0.5,1.5,0.6600037673765131
2.3,0.5,2.7,0.65,0.5,1.5,0.6595950786385955
2.3,0.5,2.7,0.8,0.5,1.5,0.659559475602724
2.3,0.8,2.7,0.65,0.5,1.5,0.6589912227804104
4.0,0.2,2.7,0.8,0.5,1.5,0.6588270190670554
4.0,0.5,2.7,0.3,0.5,1.5,0.6586245536619026
4.0,0.5,1.3,0.65,0.5,1.5,0.6585930271703405
1.0,0.8,1.3,0.8,0.5,1.5,0.6585767475630739
2.3,0.8,2.7,0.8,0.5,1.5,0.6585155757659528
1.0,0.8,1.3,0.65,0.5,1.5,0.6584893542261276
1.0,0.8,1.3,0.3,0.5,1.5,0.6583258707347792
4.0,0.5,1.3,0.8,0.5,1.5,0.65831209223854
4.0,0.5,0.5,0.8,0.5,1.5,0.6578876596561068
4.0,0.5,0.5,0.65,0.5,1.5,0.6578876596561068
4.0,0.5,1.3,0.3,0.5,1.5,0.6572008474235568
4.0,0.2,1.3,0.65,0.5,1.5,0.6568498555313076
4.0,0.2,1.3,0.8,0.5,1.5,0.656685762261951
4.0,0.2,2.7,0.65,0.5,1.5,0.656212138928181
4.0,0.2,2.7,0.3,0.5,1.5,0.6556413033784294
4.0,0.2,0.5,0.65,0.5,1.5,0.6555642871218575
4.0,0.2,0.5,0.8,0.5,1.5,0.6555642871218575
1.0,0.8,2.7,0.3,0.5,1.5,0.6554909126166747
4.0,0.2,1.3,0.3,0.5,1.5,0.6553911519834905
1.0,0.8,2.7,0.65,0.5,1.5,0.6550837071228348
4.0,0.5,0.5,0.3,0.5,1.5,0.655067329365174
1.0,0.8,2.7,0.8,0.5,1.5,0.6547865959420898
4.0,0.2,0.5,0.3,0.5,1.5,0.654133690808149
